{
	"credit": "Made with Blockbench",
	"texture_size": [8, 8],
	"textures": {
		"1": "muzzle",
		"2": "scope",
		"6": "body",
		"particle": "scope"
	},
	"elements": [
		{
			"from": [7.45, 11.5, 3.35],
			"to": [7.7, 13.5, 5.35],
			"faces": {
				"north": {"uv": [1.5, 9.5, 1.625, 10.5], "texture": "#6"},
				"east": {"uv": [3.5, 5, 4.5, 6], "texture": "#6"},
				"south": {"uv": [9.5, 1.5, 9.625, 2.5], "texture": "#6"},
				"west": {"uv": [4.5, 5, 5.5, 6], "texture": "#6"},
				"up": {"uv": [2.125, 10.5, 2, 9.5], "texture": "#6"},
				"down": {"uv": [9.625, 2.5, 9.5, 3.5], "texture": "#6"}
			}
		},
		{
			"from": [5.0625, 12.375, 2.8125],
			"to": [8.0625, 13.375, 5.75],
			"faces": {
				"north": {"uv": [6, 4.5, 7.5, 5], "texture": "#6"},
				"east": {"uv": [6, 6, 7.5, 6.5], "texture": "#6"},
				"south": {"uv": [0, 6.5, 1.5, 7], "texture": "#6"},
				"west": {"uv": [6.5, 0.5, 8, 1], "texture": "#6"},
				"up": {"uv": [1.5, 1.5, 0, 0], "texture": "#6"},
				"down": {"uv": [1.5, 1.5, 0, 3], "texture": "#6"}
			}
		},
		{
			"from": [7.0625, 11.375, 3.5],
			"to": [8.9375, 12.4375, 5],
			"faces": {
				"north": {"uv": [7, 6.5, 7.9375, 7.0625], "texture": "#6"},
				"east": {"uv": [8, 7.5, 8.75, 8.0625], "texture": "#6"},
				"south": {"uv": [4, 7.5, 4.9375, 8.0625], "texture": "#6"},
				"west": {"uv": [8.5, 0, 9.25, 0.5625], "texture": "#6"},
				"up": {"uv": [6.9375, 7.25, 6, 6.5], "texture": "#6"},
				"down": {"uv": [0.9375, 7, 0, 7.75], "texture": "#6"}
			}
		},
		{
			"from": [8.0625, 12.5, 3.875],
			"to": [9.3125, 13.5, 4.6875],
			"faces": {
				"north": {"uv": [8.5, 7, 9.125, 7.5], "texture": "#6"},
				"east": {"uv": [8, 9, 8.4375, 9.5], "texture": "#6"},
				"south": {"uv": [8, 8.5, 8.625, 9], "texture": "#6"},
				"west": {"uv": [9, 8, 9.4375, 8.5], "texture": "#6"},
				"up": {"uv": [0.625, 9.4375, 0, 9], "texture": "#6"},
				"down": {"uv": [2.125, 9, 1.5, 9.4375], "texture": "#6"}
			}
		},
		{
			"from": [9.3125, 12.5, 3.8125],
			"to": [14, 13.375, 4.75],
			"faces": {
				"north": {"uv": [3.5, 4.5, 5.875, 4.9375], "texture": "#6"},
				"east": {"uv": [8.5, 9, 9, 9.4375], "texture": "#6"},
				"south": {"uv": [0, 5, 2.375, 5.4375], "texture": "#6"},
				"west": {"uv": [9, 8.5, 9.5, 8.9375], "texture": "#6"},
				"up": {"uv": [2.375, 5, 0, 4.5], "texture": "#6"},
				"down": {"uv": [6.875, 0, 4.5, 0.5], "texture": "#6"}
			}
		},
		{
			"from": [8.9375, 11.4375, 3.5],
			"to": [14.625, 12.5, 5],
			"faces": {
				"north": {"uv": [1.5, 2, 4.375, 2.5625], "texture": "#6"},
				"east": {"uv": [8.5, 1, 9.25, 1.5625], "texture": "#6"},
				"south": {"uv": [0, 3, 2.875, 3.5625], "texture": "#6"},
				"west": {"uv": [8.5, 2, 9.25, 2.5625], "texture": "#6"},
				"up": {"uv": [4.375, 0.75, 1.5, 0], "texture": "#6"},
				"down": {"uv": [4.375, 1, 1.5, 1.75], "texture": "#6"}
			}
		},
		{
			"from": [12.15, 10.4875, 3.75],
			"to": [12.525, 11.8625, 4.75],
			"rotation": {"angle": 22.5, "axis": "z", "origin": [13, 11.5625, 3.75]},
			"faces": {
				"north": {"uv": [9.5, 0.5, 9.6875, 1.1875], "texture": "#6"},
				"east": {"uv": [1, 8.5, 1.5, 9.1875], "texture": "#6"},
				"south": {"uv": [1, 9.5, 1.1875, 10.1875], "texture": "#6"},
				"west": {"uv": [7.5, 8.5, 8, 9.1875], "texture": "#6"},
				"up": {"uv": [10.1875, 2.5, 10, 2], "texture": "#6"},
				"down": {"uv": [2.6875, 10, 2.5, 10.5], "texture": "#6"}
			}
		},
		{
			"from": [12.5875, 9.925, 3.75],
			"to": [13.525, 11.8625, 4.75],
			"rotation": {"angle": 22.5, "axis": "z", "origin": [13.4375, 11.5625, 3.75]},
			"faces": {
				"north": {"uv": [7.5, 4, 8, 5], "texture": "#6"},
				"east": {"uv": [5, 7.5, 5.5, 8.5], "texture": "#6"},
				"south": {"uv": [5.5, 7.5, 6, 8.5], "texture": "#6"},
				"west": {"uv": [6, 7.5, 6.5, 8.5], "texture": "#6"},
				"up": {"uv": [8, 6.5, 7.5, 6], "texture": "#6"},
				"down": {"uv": [4, 9, 3.5, 9.5], "texture": "#6"}
			}
		},
		{
			"from": [8.6875, 8.425, 3.75],
			"to": [10.125, 11.35, 4.75],
			"rotation": {"angle": -22.5, "axis": "z", "origin": [10.6875, 12, 3.75]},
			"faces": {
				"north": {"uv": [4.5, 0.5, 5.25, 1.9375], "texture": "#6"},
				"east": {"uv": [1.5, 6.5, 2, 7.9375], "texture": "#6"},
				"south": {"uv": [2.5, 4.5, 3.25, 5.9375], "texture": "#6"},
				"west": {"uv": [2, 6.5, 2.5, 7.9375], "texture": "#6"},
				"up": {"uv": [9.25, 4, 8.5, 3.5], "texture": "#6"},
				"down": {"uv": [9.25, 4, 8.5, 4.5], "texture": "#6"}
			}
		},
		{
			"from": [5, 11.375, 3.5],
			"to": [7.0625, 12.375, 5],
			"faces": {
				"north": {"uv": [6.5, 1, 7.5625, 1.5], "texture": "#6"},
				"east": {"uv": [4.5, 8.5, 5.25, 9], "texture": "#6"},
				"south": {"uv": [7, 0, 8.0625, 0.5], "texture": "#6"},
				"west": {"uv": [8.5, 4.5, 9.25, 5], "texture": "#6"},
				"up": {"uv": [2.0625, 6.25, 1, 5.5], "texture": "#6"},
				"down": {"uv": [3.5625, 6, 2.5, 6.75], "texture": "#6"}
			}
		},
		{
			"from": [13.3, 9.825, 3.75],
			"to": [14.3, 10.075, 4.75],
			"rotation": {"angle": 22.5, "axis": "z", "origin": [14.125, 9.75, 3.75]},
			"faces": {
				"north": {"uv": [10, 2.5, 10.5, 2.625], "texture": "#6"},
				"east": {"uv": [3, 10, 3.5, 10.125], "texture": "#6"},
				"south": {"uv": [10, 3, 10.5, 3.125], "texture": "#6"},
				"west": {"uv": [3.5, 10, 4, 10.125], "texture": "#6"},
				"up": {"uv": [4.5, 9.5, 4, 9], "texture": "#6"},
				"down": {"uv": [5, 9, 4.5, 9.5], "texture": "#6"}
			}
		},
		{
			"from": [8.75, 6.3875, 3.75],
			"to": [10.1875, 8.5125, 4.75],
			"rotation": {"angle": -45, "axis": "z", "origin": [10.25, 10.4375, 3.75]},
			"faces": {
				"north": {"uv": [4, 6, 4.75, 7.0625], "texture": "#6"},
				"east": {"uv": [1, 7, 1.5, 8.0625], "texture": "#6"},
				"south": {"uv": [5, 6, 5.75, 7.0625], "texture": "#6"},
				"west": {"uv": [3.5, 7, 4, 8.0625], "texture": "#6"},
				"up": {"uv": [9.25, 5.5, 8.5, 5], "texture": "#6"},
				"down": {"uv": [6.25, 8.5, 5.5, 9], "texture": "#6"}
			}
		},
		{
			"from": [13.5625, 12, 3.8125],
			"to": [14.0625, 13, 4.75],
			"rotation": {"angle": 45, "axis": "z", "origin": [13.5625, 13, 3.8125]},
			"faces": {
				"north": {"uv": [3.5, 9.5, 3.75, 10], "texture": "#6"},
				"east": {"uv": [5, 9, 5.5, 9.5], "texture": "#6"},
				"south": {"uv": [9.5, 3.5, 9.75, 4], "texture": "#6"},
				"west": {"uv": [5.5, 9, 6, 9.5], "texture": "#6"},
				"up": {"uv": [4.25, 10, 4, 9.5], "texture": "#6"},
				"down": {"uv": [9.75, 4, 9.5, 4.5], "texture": "#6"}
			}
		},
		{
			"from": [14.5625, 11.625, 3.8125],
			"to": [16, 12.625, 4.8125],
			"faces": {
				"north": {"uv": [8.5, 5.5, 9.25, 6], "texture": "#6"},
				"east": {"uv": [6, 9, 6.5, 9.5], "texture": "#6"},
				"south": {"uv": [8.5, 6, 9.25, 6.5], "texture": "#6"},
				"west": {"uv": [6.5, 9, 7, 9.5], "texture": "#6"},
				"up": {"uv": [7.25, 9, 6.5, 8.5], "texture": "#6"},
				"down": {"uv": [9.25, 6.5, 8.5, 7], "texture": "#6"}
			}
		},
		{
			"from": [14.925, 11.2375, 3.8125],
			"to": [19.8, 12.2375, 4.8125],
			"rotation": {"angle": -22.5, "axis": "z", "origin": [15.75, 12.0625, 3.8125]},
			"faces": {
				"north": {"uv": [3, 3, 5.4375, 3.5], "texture": "#6"},
				"east": {"uv": [7, 9, 7.5, 9.5], "texture": "#6"},
				"south": {"uv": [3, 3.5, 5.4375, 4], "texture": "#6"},
				"west": {"uv": [9, 7.5, 9.5, 8], "texture": "#6"},
				"up": {"uv": [2.4375, 4.5, 0, 4], "texture": "#6"},
				"down": {"uv": [4.9375, 4, 2.5, 4.5], "texture": "#6"}
			}
		},
		{
			"from": [15.55, 11.55, 3.8125],
			"to": [19.825, 12.45, 4.8125],
			"rotation": {"angle": -22.5, "axis": "z", "origin": [15.875, 12.375, 3.8125]},
			"faces": {
				"north": {"uv": [5, 4, 7.125, 4.4375], "texture": "#6"},
				"east": {"uv": [9, 9, 9.5, 9.4375], "texture": "#6"},
				"south": {"uv": [5.5, 1.5, 7.625, 1.9375], "texture": "#6"},
				"west": {"uv": [0, 9.5, 0.5, 9.9375], "texture": "#6"},
				"up": {"uv": [6.625, 2.5, 4.5, 2], "texture": "#6"},
				"down": {"uv": [6.625, 2.5, 4.5, 3], "texture": "#6"}
			}
		},
		{
			"from": [15.2375, 11.625, 3.875],
			"to": [19.5125, 12.5375, 4.75],
			"rotation": {"angle": 0, "axis": "y", "origin": [-0.125, 0, 0]},
			"faces": {
				"north": {"uv": [5.5, 3, 7.625, 3.4375], "texture": "#6"},
				"east": {"uv": [9.5, 0, 9.9375, 0.4375], "texture": "#6"},
				"south": {"uv": [5.5, 3.5, 7.625, 3.9375], "texture": "#6"},
				"west": {"uv": [0.5, 9.5, 0.9375, 9.9375], "texture": "#6"},
				"up": {"uv": [7.625, 5.4375, 5.5, 5], "texture": "#6"},
				"down": {"uv": [7.625, 5.5, 5.5, 5.9375], "texture": "#6"}
			}
		},
		{
			"from": [17.8, 10.55, 3.875],
			"to": [19.5125, 11.7625, 4.75],
			"rotation": {"angle": 0, "axis": "y", "origin": [-0.125, 0, 0]},
			"faces": {
				"north": {"uv": [7, 2, 7.875, 2.625], "texture": "#6"},
				"east": {"uv": [2.5, 9, 2.9375, 9.625], "texture": "#6"},
				"south": {"uv": [2.5, 7, 3.375, 7.625], "texture": "#6"},
				"west": {"uv": [3, 9, 3.4375, 9.625], "texture": "#6"},
				"up": {"uv": [9.375, 3.4375, 8.5, 3], "texture": "#6"},
				"down": {"uv": [4.375, 8.5, 3.5, 8.9375], "texture": "#6"}
			}
		},
		{
			"from": [5.375, 11.5, 3.275],
			"to": [5.65, 13.5, 5.275],
			"faces": {
				"north": {"uv": [4.5, 9.5, 4.625, 10.5], "texture": "#6"},
				"east": {"uv": [0, 5.5, 1, 6.5], "texture": "#6"},
				"south": {"uv": [9.5, 4.5, 9.625, 5.5], "texture": "#6"},
				"west": {"uv": [5.5, 0.5, 6.5, 1.5], "texture": "#6"},
				"up": {"uv": [5.125, 10.5, 5, 9.5], "texture": "#6"},
				"down": {"uv": [5.625, 9.5, 5.5, 10.5], "texture": "#6"}
			}
		},
		{
			"from": [6.075, 11.5, 4.375],
			"to": [6.35, 13.5, 5.275],
			"faces": {
				"north": {"uv": [9.5, 5.5, 9.625, 6.5], "texture": "#6"},
				"east": {"uv": [6.5, 7.5, 6.9375, 8.5], "texture": "#6"},
				"south": {"uv": [6, 9.5, 6.125, 10.5], "texture": "#6"},
				"west": {"uv": [7, 7.5, 7.4375, 8.5], "texture": "#6"},
				"up": {"uv": [10.125, 3.9375, 10, 3.5], "texture": "#6"},
				"down": {"uv": [4.125, 10, 4, 10.4375], "texture": "#6"}
			}
		},
		{
			"from": [5.425, 11.5, 5.075],
			"to": [6.325, 13.5, 5.35],
			"rotation": {"angle": 0, "axis": "y", "origin": [5.9, 13.3, 5.225]},
			"faces": {
				"north": {"uv": [7.5, 7.5, 7.9375, 8.5], "texture": "#6"},
				"east": {"uv": [6.5, 9.5, 6.625, 10.5], "texture": "#6"},
				"south": {"uv": [0, 8, 0.4375, 9], "texture": "#6"},
				"west": {"uv": [9.5, 6.5, 9.625, 7.5], "texture": "#6"},
				"up": {"uv": [10.4375, 4.125, 10, 4], "texture": "#6"},
				"down": {"uv": [10.4375, 4.5, 10, 4.625], "texture": "#6"}
			}
		},
		{
			"from": [5.425, 11.5, 4.225],
			"to": [6.325, 13.5, 4.5],
			"rotation": {"angle": 0, "axis": "y", "origin": [5.9, 13.3, 5.225]},
			"faces": {
				"north": {"uv": [0.5, 8, 0.9375, 9], "texture": "#6"},
				"east": {"uv": [7, 9.5, 7.125, 10.5], "texture": "#6"},
				"south": {"uv": [8, 0.5, 8.4375, 1.5], "texture": "#6"},
				"west": {"uv": [7.5, 9.5, 7.625, 10.5], "texture": "#6"},
				"up": {"uv": [10.4375, 5.125, 10, 5], "texture": "#6"},
				"down": {"uv": [10.4375, 5.5, 10, 5.625], "texture": "#6"}
			}
		},
		{
			"from": [5.425, 11.5, 3.275],
			"to": [6.325, 13.5, 3.55],
			"rotation": {"angle": 0, "axis": "y", "origin": [5.9, 13.3, 5.225]},
			"faces": {
				"north": {"uv": [1.5, 8, 1.9375, 9], "texture": "#6"},
				"east": {"uv": [9.5, 7.5, 9.625, 8.5], "texture": "#6"},
				"south": {"uv": [8, 1.5, 8.4375, 2.5], "texture": "#6"},
				"west": {"uv": [8, 9.5, 8.125, 10.5], "texture": "#6"},
				"up": {"uv": [10.4375, 6.125, 10, 6], "texture": "#6"},
				"down": {"uv": [10.4375, 6.5, 10, 6.625], "texture": "#6"}
			}
		},
		{
			"from": [6.8, 11.5, 3.275],
			"to": [7.7, 13.5, 3.55],
			"rotation": {"angle": 0, "axis": "y", "origin": [5.9, 13.3, 5.225]},
			"faces": {
				"north": {"uv": [2, 8, 2.4375, 9], "texture": "#6"},
				"east": {"uv": [8.5, 9.5, 8.625, 10.5], "texture": "#6"},
				"south": {"uv": [2.5, 8, 2.9375, 9], "texture": "#6"},
				"west": {"uv": [9.5, 8.5, 9.625, 9.5], "texture": "#6"},
				"up": {"uv": [10.4375, 7.125, 10, 7], "texture": "#6"},
				"down": {"uv": [10.4375, 7.5, 10, 7.625], "texture": "#6"}
			}
		},
		{
			"from": [6.8, 11.5, 4.05],
			"to": [7.7, 13.5, 4.325],
			"rotation": {"angle": 0, "axis": "y", "origin": [5.9, 13.3, 5.225]},
			"faces": {
				"north": {"uv": [8, 2.5, 8.4375, 3.5], "texture": "#6"},
				"east": {"uv": [9, 9.5, 9.125, 10.5], "texture": "#6"},
				"south": {"uv": [3, 8, 3.4375, 9], "texture": "#6"},
				"west": {"uv": [9.5, 9.5, 9.625, 10.5], "texture": "#6"},
				"up": {"uv": [10.4375, 8.125, 10, 8], "texture": "#6"},
				"down": {"uv": [10.4375, 8.5, 10, 8.625], "texture": "#6"}
			}
		},
		{
			"from": [6.8, 11.5, 5.125],
			"to": [7.7, 13.5, 5.4],
			"rotation": {"angle": 0, "axis": "y", "origin": [5.9, 13.3, 5.225]},
			"faces": {
				"north": {"uv": [8, 3.5, 8.4375, 4.5], "texture": "#6"},
				"east": {"uv": [0, 10, 0.125, 11], "texture": "#6"},
				"south": {"uv": [8, 4.5, 8.4375, 5.5], "texture": "#6"},
				"west": {"uv": [10, 0, 10.125, 1], "texture": "#6"},
				"up": {"uv": [10.4375, 9.125, 10, 9], "texture": "#6"},
				"down": {"uv": [10.4375, 9.5, 10, 9.625], "texture": "#6"}
			}
		},
		{
			"from": [6.775, 11.5, 3.375],
			"to": [7.05, 13.5, 4.275],
			"faces": {
				"north": {"uv": [0.5, 10, 0.625, 11], "texture": "#6"},
				"east": {"uv": [8, 5.5, 8.4375, 6.5], "texture": "#6"},
				"south": {"uv": [10, 1, 10.125, 2], "texture": "#6"},
				"west": {"uv": [8, 6.5, 8.4375, 7.5], "texture": "#6"},
				"up": {"uv": [10.125, 10.4375, 10, 10], "texture": "#6"},
				"down": {"uv": [10.625, 0, 10.5, 0.4375], "texture": "#6"}
			}
		},
		{
			"from": [-0.55, 12.4, 3.775],
			"to": [5.175, 13.425, 4.8],
			"faces": {
				"north": {"uv": [0, 0, 5.75, 1], "texture": "#1"},
				"east": {"uv": [6, 3, 7, 4], "texture": "#1"},
				"south": {"uv": [0, 1, 5.75, 2], "texture": "#1"},
				"west": {"uv": [4, 6, 5, 7], "texture": "#1"},
				"up": {"uv": [5.75, 3, 0, 2], "texture": "#1"},
				"down": {"uv": [5.75, 3, 0, 4], "texture": "#1"}
			}
		},
		{
			"from": [3, 11.825, 4.05],
			"to": [6.425, 12.6, 4.575],
			"faces": {
				"north": {"uv": [0, 4, 3.375, 4.75], "texture": "#1"},
				"east": {"uv": [5, 6, 5.5, 6.75], "texture": "#1"},
				"south": {"uv": [4, 4, 7.375, 4.75], "texture": "#1"},
				"west": {"uv": [6, 6, 6.5, 6.75], "texture": "#1"},
				"up": {"uv": [3.375, 5.5, 0, 5], "texture": "#1"},
				"down": {"uv": [7.375, 5, 4, 5.5], "texture": "#1"}
			}
		},
		{
			"from": [-2.8, 12.775, 4.05],
			"to": [0.625, 13.25, 4.575],
			"faces": {
				"north": {"uv": [0, 6, 3.375, 6.5], "texture": "#1"},
				"east": {"uv": [0, 7, 0.5, 7.5], "texture": "#1"},
				"south": {"uv": [6, 0, 9.375, 0.5], "texture": "#1"},
				"west": {"uv": [1, 7, 1.5, 7.5], "texture": "#1"},
				"up": {"uv": [9.375, 1.5, 6, 1], "texture": "#1"},
				"down": {"uv": [9.375, 2, 6, 2.5], "texture": "#1"}
			}
		},
		{
			"from": [10.275, 13.275, 4.15],
			"to": [13.7, 13.625, 4.475],
			"faces": {
				"north": {"uv": [8, 6, 14.75, 6.75], "texture": "#2"},
				"east": {"uv": [6, 14, 6.75, 14.75], "texture": "#2"},
				"south": {"uv": [8, 8, 14.75, 8.75], "texture": "#2"},
				"west": {"uv": [8, 14, 8.75, 14.75], "texture": "#2"},
				"up": {"uv": [6.75, 10.75, 0, 10], "texture": "#2"},
				"down": {"uv": [14.75, 10, 8, 10.75], "texture": "#2"}
			}
		},
		{
			"from": [9.4, 13.3, 4.05],
			"to": [12.825, 13.775, 4.575],
			"faces": {
				"north": {"uv": [0, 4, 6.75, 5], "texture": "#2"},
				"east": {"uv": [2, 14, 3, 15], "texture": "#2"},
				"south": {"uv": [0, 6, 6.75, 7], "texture": "#2"},
				"west": {"uv": [4, 14, 5, 15], "texture": "#2"},
				"up": {"uv": [6.75, 9, 0, 8], "texture": "#2"},
				"down": {"uv": [14.75, 0, 8, 1], "texture": "#2"}
			}
		},
		{
			"from": [8.175, 13.375, 4.05],
			"to": [11.525, 14, 4.575],
			"faces": {
				"north": {"uv": [0, 0, 6.75, 1.25], "texture": "#2"},
				"east": {"uv": [8, 12, 9, 13.25], "texture": "#2"},
				"south": {"uv": [0, 2, 6.75, 3.25], "texture": "#2"},
				"west": {"uv": [10, 12, 11, 13.25], "texture": "#2"},
				"up": {"uv": [14.75, 3, 8, 2], "texture": "#2"},
				"down": {"uv": [14.75, 4, 8, 5], "texture": "#2"}
			}
		},
		{
			"from": [7.9, 13.275, 3.95],
			"to": [8.325, 14.1, 4.65],
			"faces": {
				"north": {"uv": [4, 12, 4.75, 13.75], "texture": "#2"},
				"east": {"uv": [0, 12, 1.5, 13.75], "texture": "#2"},
				"south": {"uv": [6, 12, 6.75, 13.75], "texture": "#2"},
				"west": {"uv": [2, 12, 3.5, 13.75], "texture": "#2"},
				"up": {"uv": [12.75, 13.5, 12, 12], "texture": "#2"},
				"down": {"uv": [0.75, 14, 0, 15.5], "texture": "#2"}
			}
		}
	],
	"display": {
		"thirdperson_righthand": {
			"rotation": [-17.25, -90, 0],
			"translation": [-5, -5.75, -6],
			"scale": [1.4, 1.4, 1.4]
		},
		"thirdperson_lefthand": {
			"rotation": [-113, 85, 115],
			"translation": [-7, -3.5, -4.5],
			"scale": [1.4, 1.4, 1.4]
		},
		"firstperson_righthand": {
			"rotation": [0, -95, 0],
			"translation": [-5.67, 0.38, 0.94],
			"scale": [0.85, 1.07, 0.82]
		},
		"firstperson_lefthand": {
			"rotation": [0, 90, 0],
			"translation": [-6, 1.5, 7],
			"scale": [0.85, 1.07, 0.82]
		},
		"ground": {
			"rotation": [0, -7, -41],
			"translation": [-1.89, -3.02, 2.27]
		},
		"gui": {
			"rotation": [-27, 133, 3],
			"translation": [3.4, -3.21, 0]
		},
		"head": {
			"rotation": [-7, 6, -51],
			"translation": [-8.13, -14.36, 12.85],
			"scale": [2, 2, 2]
		},
		"fixed": {
			"rotation": [0, 0, -34],
			"translation": [-3.4, -0.9, 2.8]
		}
	},
	"groups": [
		{
			"name": "NaShady",
			"origin": [0, 0, 0],
			"color": 0,
			"children": [
				0,
				1,
				2,
				3,
				4,
				5,
				6,
				7,
				8,
				9,
				10,
				11,
				12,
				13,
				14,
				15,
				16,
				17,
				{
					"name": "69",
					"origin": [0, 0, 0],
					"color": 0,
					"children": [18, 19, 20, 21, 22, 23, 24, 25, 26]
				}
			]
		},
		{
			"name": "muxxle",
			"origin": [0, 0, 0],
			"color": 0,
			"children": [27, 28, 29]
		},
		{
			"name": "Scope",
			"origin": [0, 0, 0],
			"color": 0,
			"children": [30, 31, 32, 33]
		}
	]
}